"object_name","filename","lineno","listlabel"
parse_inner_ipv4,main.p4,239,pif_parrep_state_parse_inner_ipv4
parse_ipv4,main.p4,185,pif_parrep_state_parse_ipv4
parse_tcp,main.p4,195,pif_parrep_state_parse_tcp
parse_gtpu,main.p4,212,pif_parrep_state_parse_gtpu
parse_inner_tcp,main.p4,257,pif_parrep_state_parse_inner_tcp
parse_udp,main.p4,202,pif_parrep_state_parse_udp
parse_gtpu_ex,main.p4,226,pif_parrep_state_parse_gtpu_ex
parse_arp,main.p4,180,pif_parrep_state_parse_arp
start,main.p4,167,pif_parrep_state_start
parse_gtpu_seq,main.p4,221,pif_parrep_state_parse_gtpu_seq
parse_pdu_ses_container,main.p4,234,pif_parrep_state_parse_pdu_ses_container
parse_inner_udp,main.p4,250,pif_parrep_state_parse_inner_udp
_condition_2,main.p4,431,pif_ctlflow_state_ingress_flow__condition_2
_condition_1,main.p4,420,pif_ctlflow_state_ingress_flow__condition_1
_condition_0,main.p4,419,pif_ctlflow_state_ingress_flow__condition_0
ingress::pdr_ingress_table,main.p4,325,pif_ctlflow_state_ingress_flow_ingress::pdr_ingress_table
ingress::tbl_gtp_decap,,1,pif_ctlflow_state_ingress_flow_ingress::tbl_gtp_decap
ingress::tbl_act,,1,pif_ctlflow_state_ingress_flow_ingress::tbl_act
ingress::src_intf_table,main.p4,312,pif_ctlflow_state_ingress_flow_ingress::src_intf_table
ingress::far_egress_table,main.p4,403,pif_ctlflow_state_ingress_flow_ingress::far_egress_table
ingress::gtp_encap,main.p4,350,pif_action_state_ingress::gtp_encap
ingress::set_src_intf,main.p4,297,pif_action_state_ingress::set_src_intf
ingress::act,,1,pif_action_state_ingress::act
ingress::gtp_decap,main.p4,288,pif_action_state_ingress::gtp_decap
ingress::set_rules,main.p4,305,pif_action_state_ingress::set_rules
